id;district;category;name;phones;add_phone;;iddistrictcategorynamephonesadd_phone
1;Адмиралтейский;Аварийно-диспетчерские службы;Дежурный помощник главы администрации;{+7(812)3160050};NULL;;
2;Адмиралтейский;Аварийно-диспетчерские службы;Повреждения водопроводной уличной сети (холодная вода);{+7(812)3050909};NULL;;
3;Адмиралтейский;Аварийно-диспетчерские службы;Повреждения водопроводной уличной сети (горячая вода);{+7(812)3151313};NULL;;
4;Адмиралтейский;Аварийно-диспетчерские службы;Горячая линия ГУП «Водоканал Санкт-Петербурга»;{+7(812)3050909};NULL;;
5;Адмиралтейский;Аварийно-диспетчерские службы;Горячая линия ГРО «ПетербургГаз»;{+7(812)6100404};NULL;;
6;Адмиралтейский;Аварийно-диспетчерские службы;Информационный центр ГУП «ТЭК СПб»;{+7(812)6019393};NULL;;
7;Адмиралтейский;Аварийно-диспетчерские службы;Работа общественного транспорта;{+7(812)5765555};NULL;;
8;Адмиралтейский;Аварийно-диспетчерские службы;Центр по приёму обращений граждан по всем вопросам, связанным с качеством оказываемых услуг ЖКХ;{004};NULL;;
9;Адмиралтейский;Правоохранительные органы;Телефон справочной ГУ МВД;{+7(812)5732676};NULL;;
10;Адмиралтейский;Правоохранительные органы;Дежурная часть УМВД Адмиралтейского района;{+7(812)5730120};NULL;;
11;Адмиралтейский;Правоохранительные органы;Дежурная часть ГИБДД;{+7(812)2349021};NULL;;
12;Адмиралтейский;Судебные органы;Санкт-Петербургский городской суд;{+7(812)4595966};NULL;;
13;Адмиралтейский;Судебные органы;Прокуратура Адмиралтейского района;{+7(812)3101873};NULL;;
14;Адмиралтейский;Здравоохранение;Территориальный фонд ОМС Санкт-Петербурга;{+7(812)7037301};NULL;;
15;Адмиралтейский;Здравоохранение;Горячая линия Комитета по здравоохранению;{+7(812)6355577};NULL;;
16;Адмиралтейский;Здравоохранение;Телефон доверия для взрослых, детей и подростков;{+7(812)4767104};NULL;;
17;Адмиралтейский;Здравоохранение;Наркологический телефон доверия;{+7(812)7144210};NULL;;
18;Адмиралтейский;Образование;Горячая линия Комитета по образованию;{+7(812)5762019};NULL;;
19;Адмиралтейский;Социальная защита населения;Информационно-справочная телефонная служба социальной защиты населения ;{+7(812)3344144};NULL;;
20;Адмиралтейский;Социальная защита населения;Отдел социальной защиты населения Адмиралтейского района;{+7(812)5761901};NULL;;
21;Адмиралтейский;Социальная защита населения;Горячая линия Фонда пенсионного и социального страхования;{+7(800)1000001};NULL;;
22;Адмиралтейский;Права потребителя;Территориальный отдел управления Роспотребнадзора в Адмиралтейском, Василеостровском, Центральном районах;{+7(812)3166866};NULL;;
23;Адмиралтейский;Права потребителя;Консультационный центр по защите прав потребителей;{+7(812)5716200};NULL;;
24;Василеостровский;Аварийно-диспетчерские службы;Дежурный помощник главы администрации;{+7(812)3236307};NULL;;
25;Василеостровский;Аварийно-диспетчерские службы;Информационный центр АО «Теплосеть» (город);{+7(812)6884646};NULL;;
26;Василеостровский;Аварийно-диспетчерские службы;Информационный центр АО «Теплосеть» (Василеостровский район);{+7(812)9018301};NULL;;
27;Василеостровский;Аварийно-диспетчерские службы;Островной район «Кабельная сеть»;{+7(812)3222244,+7(800)2200220};NULL;;
28;Василеостровский;Аварийно-диспетчерские службы;Жилищное агентство Василеостровского района;{+7(812)3232038};NULL;;
29;Василеостровский;Аварийно-диспетчерские службы;Горячая линия ГУП «Водоканал Санкт-Петербурга»;{+7(812)3050909};NULL;;
30;Василеостровский;Аварийно-диспетчерские службы;Горячая линия ГРО «ПетербургГаз»;{+7(812)6100404};NULL;;
31;Василеостровский;Аварийно-диспетчерские службы;Информационный центр ГУП «ТЭК СПб» (кол. центр);{+7(812)6019393};NULL;;
32;Василеостровский;Аварийно-диспетчерские службы;Информационный центр ГУП «ТЭК СПб» (диспетчер ГУП «ТЭК СПб»);{+7(812)4948616};NULL;;
33;Василеостровский;Аварийно-диспетчерские службы;Работа общественного транспорта;{+7(812)5765555};NULL;;
34;Василеостровский;Аварийно-диспетчерские службы;Центр по приёму обращений граждан по всем вопросам, связанным с качеством оказываемых услуг ЖКХ;{004};NULL;;
35;Василеостровский;Правоохранительные органы;Справочная служба ГУ МВД;{+7(812)5732676};NULL;;
36;Василеостровский;Правоохранительные органы;Дежурная часть УМВД России по Василеостровскому району (30-й отдел полиции);{+7(812)5730414};NULL;;
37;Василеостровский;Правоохранительные органы;Дежурная часть УМВД России по Василеостровскому району (37-й отдел полиции);{+7(812)5730529};NULL;;
38;Василеостровский;Правоохранительные органы;Дежурная часть ГИБДД;{+7(812)5730508};NULL;;
39;Василеостровский;Судебные органы;Санкт-Петербургский городской суд;{+7(812)4595966};NULL;;
40;Василеостровский;Судебные органы;Прокуратура Василеостровского района;{+7(812)3233356};NULL;;
41;Василеостровский;Здравоохранение;Территориальный фонд ОМС Санкт-Петербурга;{+7(812)7037301};NULL;;
42;Василеостровский;Здравоохранение;Справка о наличии лекарств в городе;{003};{2};;
43;Василеостровский;Здравоохранение;Справочно-информационная служба «Здоровье города» (многоканальный);{+7(812)2461111};NULL;;
44;Василеостровский;Здравоохранение;Управление по организации работы фармацевтических учреждений и предприятий Комитета по здравоохранению;{+7(812)2466986};NULL;;
45;Василеостровский;Здравоохранение;Горячая линия Комитета по здравоохранению;{+7(812)6355577};NULL;;
46;Василеостровский;Здравоохранение;Телефон претензий по работе городской скорой помощи;{+7(812)5714504};NULL;;
47;Василеостровский;Здравоохранение;Вызов врача на дом, запись на приём к врачу, запись на вакцинацию;{122};NULL;;
48;Василеостровский;Образование;Горячая линия Комитета по образованию;{+7(812)5762019};NULL;;
49;Василеостровский;Социальная защита населения;Информационно-справочная телефонная служба социальной защиты населения ;{+7(812)3344144};NULL;;
50;Василеостровский;Социальная защита населения;Отдел социальной защиты населения Василеостровского района;{+7(812)5769387};NULL;;
51;Василеостровский;Права потребителя;Территориальный отдел управления Роспотребнадзора в Адмиралтейском, Василеостровском, Центральном районах;{+7(812)3166866};NULL;;
52;Выборгский;Аварийно-диспетчерские службы;Дежурный помощник главы администрации;{+7(812)2953146};NULL;;
53;Выборгский;Аварийно-диспетчерские службы;Повреждения водопроводной уличной сети (холодная вода);{+7(812)3050909};NULL;;
54;Выборгский;Аварийно-диспетчерские службы;Повреждения водопроводной уличной сети (горячая вода);{+7(812)3151313};NULL;;
55;Выборгский;Аварийно-диспетчерские службы;Горячая линия ГУП «Водоканал Санкт-Петербурга»;{+7(812)3050909};NULL;;
56;Выборгский;Аварийно-диспетчерские службы;Горячая линия ГРО «ПетербургГаз» (со стационарного телефона);{04};NULL;;
57;Выборгский;Аварийно-диспетчерские службы;Горячая линия ГРО «ПетербургГаз» (с мобильного телефона);{104};NULL;;
58;Выборгский;Аварийно-диспетчерские службы;Информационный центр ГУП «ТЭК СПб»;{+7(812)6019393};NULL;;
59;Выборгский;Аварийно-диспетчерские службы;Работа общественного транспорта;{+7(812)5765555};NULL;;
60;Выборгский;Аварийно-диспетчерские службы;Центр по приёму обращений граждан по всем вопросам, связанным с качеством оказываемых услуг ЖКХ;{004};NULL;;
61;Выборгский;Правоохранительные органы;Телефон справочной ГУ МВД;{+7(812)5732676};NULL;;
62;Выборгский;Правоохранительные органы;Дежурная часть УМВД России по Выборгскому району;{+7(812)5420202};NULL;;
63;Выборгский;Правоохранительные органы;Дежурная часть ГИБДД по Выборгскому району;{+7(812)5731277};NULL;;
64;Выборгский;Судебные органы;Санкт-Петербургский городской суд;{+7(812)4595966};NULL;;
65;Выборгский;Судебные органы;Выборгский районный суд Санкт-Петербурга;{+7(812)2474848};NULL;;
66;Выборгский;Судебные органы;Прокуратура Выборгского района;{+7(812)2945626};NULL;;
67;Выборгский;Здравоохранение;Территориальный фонд ОМС Санкт-Петербурга;{+7(812)7037301};NULL;;
68;Выборгский;Здравоохранение;Горячая линия;{+7(812)3463570};NULL;;
69;Выборгский;Здравоохранение;Справочная служба о наличии лекарств в аптеках города;{+7(812)2461111};NULL;;
70;Выборгский;Здравоохранение;Дежурная аптека;{+7(812)3145401};NULL;;
71;Выборгский;Здравоохранение;Горячая линия Комитета по здравоохранению;{+7(812)6355577};NULL;;
72;Выборгский;Здравоохранение;Телефон претензий по работе городской скорой помощи;{+7(812)5714504};NULL;;
73;Выборгский;Образование;Горячая линия Комитета по образованию;{+7(812)2465548};NULL;;
74;Выборгский;Образование;Отдел образования Выборгского района;{+7(812)5765293};NULL;;
75;Выборгский;Социальная защита населения;Информационно-справочная телефонная служба социальной защиты населения СПб ГКУ «Городской информационно-расчетный центр»;{+7(812)3344144};NULL;;
76;Выборгский;Социальная защита населения;Отдел социальной защиты населения Выборгского района;{+7(812)5906300};NULL;;
77;Выборгский;Социальная защита населения;Отделение Фонда пенсионного и социального страхования РФ по Санкт-Петербургу и Ленинградской области;{+7(800)1000001};NULL;;
78;Выборгский;Права потребителя;Восточный территориальный отдел управления Федеральной службы по надзору в сфере защиты прав потребителей и благополучия по городу Санкт-Петербургу;{+7(812)2937666};NULL;;
79;Выборгский;Права потребителя;Горячая линия по защите прав потребителей;{+7(812)2335545};NULL;;
80;Калининский;Аварийно-диспетчерские службы;Дежурный помощник главы администрации;{+7(812)5769901};NULL;;
81;Калининский;Аварийно-диспетчерские службы;Повреждение водопроводной уличной сети (холодная вода);{+7(812)3050909};NULL;;
82;Калининский;Аварийно-диспетчерские службы;Повреждение водопроводной уличной сети (горячая вода);{+7(812)3151313};NULL;;
83;Калининский;Аварийно-диспетчерские службы;Горячая линия ГУП «Водоканал Санкт-Петербурга»;{+7(812)3050909};NULL;;
84;Калининский;Аварийно-диспетчерские службы;Горячая линия ГРО «ПетербургГаз» (со стационарного телефона);{04};NULL;;
85;Калининский;Аварийно-диспетчерские службы;Горячая линия ГРО «ПетербургГаз» (с мобильного телефона);{104};NULL;;
86;Калининский;Аварийно-диспетчерские службы;Информационный центр ГУП «ТЭК СПб»;{+7(812)6019393};NULL;;
87;Калининский;Аварийно-диспетчерские службы;Работа общественного транспорта;{+7(812)5765555};NULL;;
88;Калининский;Аварийно-диспетчерские службы;Центр по приёму обращений граждан по всем вопросам, связанным с качеством оказываемых услуг ЖКХ;{004};NULL;;
89;Калининский;Правоохранительные органы;Телефон справочной ГУ МВД по СПб и ЛО;{+7(812)5732676};NULL;;
90;Калининский;Правоохранительные органы;Дежурная часть УМВД по Калининскому району;{+7(812)5730660,+7(812)5400202,+7(812)5730752};NULL;;
91;Калининский;Правоохранительные органы;Дежурная часть ГИБДД;{+7(812)5965057};NULL;;
92;Калининский;Правоохранительные органы;Военный комиссариат Калининского района Санкт-Петербурга;{+7(812)5423204};NULL;;
93;Калининский;Судебные органы;Санкт-Петербургский городской суд;{+7(812)4595966};NULL;;
94;Калининский;Судебные органы;Калининский районный суд города Санкт-Петербурга;{+7(812)5427007};NULL;;
95;Калининский;Судебные органы;Прокуратура Калининского района;{+7(812)2945103};NULL;;
96;Калининский;Здравоохранение;Территориальный фонд ОМС Санкт-Петербурга;{+7(812)7037301};NULL;;
97;Калининский;Здравоохранение;Горячая линия филиала Санкт-Петербургского регионального отделения Фонда социального страхования;{+7(812)6778717};NULL;;
98;Калининский;Здравоохранение;Справка о наличии лекарств в городе;{+7(812)2461111};NULL;;
99;Калининский;Здравоохранение;Горячая линия Комитета по здравоохранению;{+7(812)6355577};NULL;;
100;Калининский;Здравоохранение;Телефон претензий по работе городской скорой помощи;{+7(812)5714504};NULL;;
101;Калининский;Здравоохранение;Городская справочная служба «Здоровье города» (многоканальный) (информация об адресах, телефонах лечебно-профилактических медицинских учреждений города Санкт-Петербурга и о медицинских услугах, предоставляемых этими учреждениями);{+7(812)6355563};NULL;;
102;Калининский;Здравоохранение;Волонтёрский штаб по поддержке населения в ситуации распространения новой коронавирусной инфекции в Калининском районе Санкт-Петербурга;{+7(931)3910137,+7(921)9591334};NULL;;
103;Калининский;Образование;Горячая линия Комитета по образованию;{+7(812)5762019};NULL;;
104;Калининский;Социальная защита населения;Информационно-справочная телефонная служба социальной защиты населения;{+7(812)3344144};NULL;;
105;Калининский;Социальная защита населения;Отдел социальной защиты населения администрации Калининского района;{+7(812)4174704};NULL;;
106;Калининский;Социальная защита населения;Клиентская служба Социального фонда России в Калининском районе Санкт-Петербурга;{+7(800)1000001};NULL;;
107;Калининский;Права потребителя;Работа по обращениям потребителей Центра контроля качества товаров (продукции), работ и услуг, телефоны горячей линии;{+7(812)4988501,+7(812)2335545};"{2,""""}";;
108;Калининский;Права потребителя;Восточный территориальный отдел управления Роспотребнадзора по городу Санкт-Петербургу;{+7(812)2937666};NULL;;
109;Кировский;Аварийно-диспетчерские службы;Дежурная служба администрации;{+7(812)2520021};NULL;;
110;Кировский;Аварийно-диспетчерские службы;Горячая линия ГУП «Водоканал Санкт-Петербурга»;{+7(812)3050909};NULL;;
111;Кировский;Аварийно-диспетчерские службы;Повреждения тепловой уличной сети ГУП «ТЭК СПб»;{+7(812)4948679};NULL;;
112;Кировский;Аварийно-диспетчерские службы;Горячая линия АО «Теплосеть СПб»;{+7(812)6884646};NULL;;
113;Кировский;Аварийно-диспетчерские службы;Информационный центр ГУП «ТЭК СПб»;{+7(812)6019393};NULL;;
114;Кировский;Аварийно-диспетчерские службы;По вопросам наружного освещения СПб ГБУ «Ленсвет»;{+7(812)3129594};NULL;;
115;Кировский;Аварийно-диспетчерские службы;Горячая линия по работе общественного транспорта;{+7(812)5765555};NULL;;
116;Кировский;Аварийно-диспетчерские службы;Центр по приёму обращений граждан по всем вопросам, связанным с качеством оказываемых услуг ЖКХ;{004};NULL;;
117;Кировский;Аварийно-диспетчерские службы;Горячая линия СПб ГКУ «Жилищное агентство Кировского района СПб»;{+7(812)2522564};NULL;;
118;Кировский;Правоохранительные органы;Дежурная часть ГУ МВД;{+7(812)5732195};NULL;;
119;Кировский;Правоохранительные органы;Телефон доверия ГУ МВД;{+7(812)5732181};NULL;;
120;Кировский;Правоохранительные органы;Дежурная часть УМВД России по Кировскому району;{+7(812)2520202};NULL;;
121;Кировский;Правоохранительные органы;Дежурная часть ГИБДД;{+7(812)2349021};NULL;;
122;Кировский;Судебные органы;Санкт-Петербургский городской суд;{+7(812)4595966};NULL;;
123;Кировский;Судебные органы;Кировский районный суд;{+7(812)4156401};NULL;;
124;Кировский;Судебные органы;Прокуратура Кировского района;{+7(812)3080810,+7(812)3009188};NULL;;
125;Кировский;Здравоохранение;Единая информационно-справочная служба;{+7(812)2465122};NULL;;
126;Кировский;Здравоохранение;Территориальный фонд ОМС Санкт-Петербурга;{+7(812)7037301};NULL;;
127;Кировский;Здравоохранение;Справочная служба о наличии лекарств в городе;{+7(812)2461111};NULL;;
128;Кировский;Здравоохранение;Горячая линия Комитета по здравоохранению;{+7(812)6355577};NULL;;
129;Кировский;Здравоохранение;Телефон претензий по работе городской скорой помощи;{+7(812)5714504};NULL;;
130;Кировский;Образование;Горячая линия Комитета по образованию;{+7(812)5762019};NULL;;
131;Кировский;Социальная защита населения;Информационно-справочная телефонная служба социальной защиты населения;{+7(812)3344144};NULL;;
132;Кировский;Социальная защита населения;Отдел социальной защиты населения Кировского района;{+7(812)5769461};NULL;;
133;Кировский;Социальная защита населения;Горячая линия Социального фонда;{+7(800)1000001};NULL;;
134;Кировский;Права потребителя;Юго-западный территориальный отдел управления Роспотребнадзора по городу Санкт-Петербургу;{+7(812)7861230};NULL;;
135;Кировский;Права потребителя;Отдел надзора за питанием населения управления Роспотребнадзора по городу Санкт-Петербургу;{+7(812)7640239};NULL;;
136;Колпинский;Аварийно-диспетчерские службы;Дежурный помощник главы администрации;{+7(812)5769600};NULL;;
137;Колпинский;Аварийно-диспетчерские службы;Горячая линия ГУП «ТЭК СПб»;{+7(812)6019388};NULL;;
138;Колпинский;Аварийно-диспетчерские службы;Горячая линия ГУП «Водоканал Санкт-Петербурга»;{+7(812)3050909};NULL;;
139;Колпинский;Аварийно-диспетчерские службы;Горячая линия ГРО «ПетербургГаз»;{+7(812)4617093};NULL;;
140;Колпинский;Аварийно-диспетчерские службы;Горячая линия ГРО «ПетербургГаз» (с мобильного телефона);{104};NULL;;
141;Колпинский;Аварийно-диспетчерские службы;Диспетчерский центр ГУП «Ленсвет»;{+7(812)3129594};NULL;;
142;Колпинский;Аварийно-диспетчерские службы;Информационный центр ГУП «ТЭК СПб»;{+7(812)6019393};NULL;;
143;Колпинский;Аварийно-диспетчерские службы;Работа общественного транспорта;{+7(812)5765555};NULL;;
144;Колпинский;Аварийно-диспетчерские службы;Центр по приёму обращений граждан по всем вопросам, связанным с качеством оказываемых услуг ЖКХ;{004};NULL;;
145;Колпинский;Правоохранительные органы;Телефон справочной ГУ МВД;{+7(812)5732676};NULL;;
146;Колпинский;Правоохранительные органы;Дежурная часть ОМВД России по Колпинскому району;{+7(812)4610202,+7(812)5732420};NULL;;
147;Колпинский;Правоохранительные органы;Телефон доверия (горячая линия);{+7(812)5732181};NULL;;
148;Колпинский;Правоохранительные органы;Информационно-справочный телефон УГИБДД по Санкт-Петербургу и Ленинградской области;{+7(812)2349021};NULL;;
149;Колпинский;Судебные органы;Прокуратура Колпинского района;{+7(812)4610049,+7(812)4618430};NULL;;
150;Колпинский;Судебные органы;Санкт-Петербургский городской суд;{+7(812)4595966};NULL;;
151;Колпинский;Здравоохранение;Территориальный фонд ОМС Санкт-Петербурга;{+7(812)7037301};NULL;;
152;Колпинский;Здравоохранение;Горячая линия Санкт-Петербургского регионального отделения Фонда социального страхования РФ;{+7(812)6778717};NULL;;
153;Колпинский;Здравоохранение;Справка о наличии лекарств в городе;{+7(812)2461111};NULL;;
154;Колпинский;Здравоохранение;Горячая линия Комитета по здравоохранению;{+7(812)6355577};NULL;;
155;Колпинский;Здравоохранение;Горячая линия Комитета по здравоохранению Ленинградской области;{+7(812)6796004};NULL;;
156;Колпинский;Образование;Горячая линия Комитета по образованию;{+7(812)5762019};NULL;;
157;Колпинский;Образование;Отдел образования Колпинского района;{+7(812)5739265};NULL;;
158;Колпинский;Социальная защита населения;Отдел социальной защиты населения Колпинского района;{+7(812)5769680};NULL;;
159;Колпинский;Социальная защита населения;Центр телефонного обслуживания и предварительная запись МФЦ;{+7(812)5739000};NULL;;
160;Колпинский;Социальная защита населения;Пенсионный фонд;{+7(812)6000478};NULL;;
161;Колпинский;Права потребителя;Юго-западный территориальный отдел управления Роспотребнадзора по городу Санкт-Петербургу;{+7(812)7277220};NULL;;
162;Колпинский;Права потребителя;Горячая линия по вопросам защиты прав потребителей;{+7(812)2335545};NULL;;
163;Красногвардейский;Аварийно-диспетчерские службы;Дежурный помощник главы администрации;{+7(812)2274364};NULL;;
164;Красногвардейский;Аварийно-диспетчерские службы;Повреждения водопроводной уличной сети (холодная вода);{+7(812)3050909};NULL;;
165;Красногвардейский;Аварийно-диспетчерские службы;Повреждения водопроводной уличной сети (горячая вода);{+7(812)3151313};NULL;;
166;Красногвардейский;Аварийно-диспетчерские службы;Повреждение освещения на уличных сетях;{+7(812)3129594};NULL;;
167;Красногвардейский;Аварийно-диспетчерские службы;Горячая линия ГУП «Водоканал Санкт-Петербурга»;{+7(812)3050909};NULL;;
168;Красногвардейский;Аварийно-диспетчерские службы;Горячая линия ГРО «ПетербургГаз»;{+7(812)6100404};NULL;;
169;Красногвардейский;Аварийно-диспетчерские службы;Информационный центр ГУП «ТЭК СПб»;{+7(812)6019393};NULL;;
170;Красногвардейский;Аварийно-диспетчерские службы;Работа общественного транспорта;{+7(812)5765555};NULL;;
171;Красногвардейский;Аварийно-диспетчерские службы;Центр по приёму обращений граждан по всем вопросам, связанным с качеством оказываемых услуг ЖКХ;{004};NULL;;
172;Красногвардейский;Аварийно-диспетчерские службы;Круглосуточная горячая линия СПб ГКУ «Жилищное агентство Красногвардейского района Санкт-Петербурга»;{+7(812)2415996};NULL;;
173;Красногвардейский;Правоохранительные органы;Телефон справочной ГУ МВД;{+7(812)5732181};NULL;;
174;Красногвардейский;Правоохранительные органы;Дежурная часть УМВД России по Красногвардейскому району;{+7(812)5731530,+7(812)2240202};NULL;;
175;Красногвардейский;Правоохранительные органы;Дежурная часть ГИБДД;{+7(812)2349021};NULL;;
176;Красногвардейский;Судебные органы;Санкт-Петербургский городской суд;{+7(812)4595966};NULL;;
177;Красногвардейский;Судебные органы;Прокуратура Красногвардейского района;{+7(812)4066979};NULL;;
178;Красногвардейский;Здравоохранение;Территориальный фонд ОМС Санкт-Петербурга;{+7(812)7037301};NULL;;
179;Красногвардейский;Здравоохранение;Справка о наличии лекарств в городе;{+7(812)2461111};NULL;;
180;Красногвардейский;Здравоохранение;Горячая линия Комитета по здравоохранению;{+7(812)6355577};NULL;;
181;Красногвардейский;Здравоохранение;Телефон претензий по работе городской службы скорой помощи;{+7(812)5714504};NULL;;
182;Красногвардейский;Образование;Горячая линия Комитета по образованию;{+7(812)2465548};NULL;;
183;Красногвардейский;Социальная защита населения;Информационно-справочная  телефонная служба Комитета по социальной политике СПб;{+7(812)3344144};NULL;;
184;Красногвардейский;Социальная защита населения;Горячая линия отделения Пенсионного фонда РФ по СПб и ЛО;{+7(800)1000001};NULL;;
185;Красногвардейский;Права потребителя;Восточный территориальный отдел управления Роспотребнадзора по Санкт-Петербургу (Выборгский, Калининский, Красногвардейский, Невский районы Санкт-Петербурга);{+7(812)2937666};NULL;;
186;Красногвардейский;Права потребителя;Управление Федеральной службы по надзору в сфере защиты прав потребителей и благополучия человека;{+7(800)5554943};NULL;;
187;Красносельский;Аварийно-диспетчерские службы;Дежурный помощник главы администрации;{+7(812)7368602};NULL;;
188;Красносельский;Аварийно-диспетчерские службы;Повреждения водопроводной уличной сети (холодная вода);{+7(812)3050909};NULL;;
189;Красносельский;Аварийно-диспетчерские службы;АО «Теплосеть СПб»;{+7(812)6884646};NULL;;
190;Красносельский;Аварийно-диспетчерские службы;Горячая линия ГУП «Водоканал Санкт-Петербурга»;{+7(812)3050909};NULL;;
191;Красносельский;Аварийно-диспетчерские службы;Горячая линия ГРО «ПетербургГаз»;{+7(812)6100404,04};NULL;;
192;Красносельский;Аварийно-диспетчерские службы;Горячая линия ГРО «ПетербургГаз» (с мобильного телефона);{104};NULL;;
193;Красносельский;Аварийно-диспетчерские службы;Информационный центр ГУП «ТЭК СПб»;{+7(812)6019393};NULL;;
194;Красносельский;Аварийно-диспетчерские службы;Работа общественного транспорта;{+7(812)5765555};NULL;;
195;Красносельский;Аварийно-диспетчерские службы;Центр по приёму обращений граждан по всем вопросам, связанным с качеством оказываемых услуг ЖКХ;{004};NULL;;
196;Красносельский;Правоохранительные органы;Телефон справочной ГУ МВД;{+7(812)5732676};NULL;;
197;Красносельский;Правоохранительные органы;Дежурная часть УМВД России по Красносельскому району;{+7(812)5735360};NULL;;
198;Красносельский;Судебные органы;Санкт-Петербургский городской суд;{+7(812)4595966};NULL;;
199;Красносельский;Судебные органы;Красносельский суд;{+7(812)7411466,+7(812)7411604};NULL;;
200;Красносельский;Судебные органы;Прокуратура Красносельского района;{+7(812)3659703};NULL;;
201;Красносельский;Здравоохранение;Территориальный фонд ОМС Санкт-Петербурга;{+7(812)7037301};NULL;;
202;Красносельский;Здравоохранение;Горячая линия фонда соц. страхования;{+7(812)6778717};NULL;;
203;Красносельский;Здравоохранение;Справка о наличии лекарств в городе;{+7(812)6355566};NULL;;
204;Красносельский;Здравоохранение;Горячая линия Комитета по здравоохранению;{+7(812)6355577};NULL;;
205;Красносельский;Здравоохранение;Телефон претензий по работе городской скорой помощи;{+7(812)5714504};NULL;;
206;Красносельский;Образование;Горячая линия Комитета по образованию;{+7(812)5762019};NULL;;
207;Красносельский;Социальная защита населения;СПб ГКУ «Городской информационно-расчетный центр»;{+7(812)3344144};NULL;;
208;Красносельский;Социальная защита населения;Отдел социальной защиты населения Красносельского района;{+7(812)5761316};NULL;;
209;Красносельский;Социальная защита населения;Фонд пенсионного и социального страхования;{+7(800)1000001};NULL;;
210;Красносельский;Права потребителя;Западный территориальный отдел управления Роспотребнадзора по городу Санкт-Петербургу (Красносельский район);{+7(812)7861230};NULL;;
211;Красносельский;Права потребителя;Единый консультационный центр управления Роспотребнадзора по городу Санкт-Петербургу;{+7(800)5554943};NULL;;
212;Кронштадтский;Аварийно-диспетчерские службы;Дежурный помощник главы администрации;{+7(812)3112016};NULL;;
213;Кронштадтский;Аварийно-диспетчерские службы;Повреждения водопроводной уличной сети (холодная вода);{+7(812)3050909};NULL;;
214;Кронштадтский;Аварийно-диспетчерские службы;Повреждения водопроводной уличной сети (горячая вода);{+7(812)3151313};NULL;;
215;Кронштадтский;Аварийно-диспетчерские службы;Горячая линия ГУП «Водоканал Санкт-Петербурга»;{+7(812)3050909};NULL;;
216;Кронштадтский;Аварийно-диспетчерские службы;Горячая линия ГРО «ПетербургГаз»;{04};NULL;;
217;Кронштадтский;Аварийно-диспетчерские службы;Горячая линия ГРО «ПетербургГаз» (с мобильного телефона);{104};NULL;;
218;Кронштадтский;Аварийно-диспетчерские службы;Информационный центр ГУП «ТЭК СПб»;{+7(812)6019393};NULL;;
219;Кронштадтский;Аварийно-диспетчерские службы;Работа общественного транспорта;{+7(812)5765555};NULL;;
220;Кронштадтский;Аварийно-диспетчерские службы;Центр по приёму обращений граждан по всем вопросам, связанным с качеством оказываемых услуг ЖКХ;{004};NULL;;
221;Кронштадтский;Правоохранительные органы;Телефон справочной ГУ МВД;{+7(812)5732676};NULL;;
222;Кронштадтский;Правоохранительные органы;Дежурная часть ОМВД России по Кронштадтскому району;{+7(812)3110202};NULL;;
223;Кронштадтский;Правоохранительные органы;Дежурная часть ГИБДД;{+7(812)2349021};NULL;;
224;Кронштадтский;Судебные органы;Санкт-Петербургский городской суд;{+7(812)4595966};NULL;;
225;Кронштадтский;Судебные органы;Прокуратура Кронштадтского района;{+7(812)3115889};NULL;;
226;Кронштадтский;Здравоохранение;Территориальный фонд ОМС Санкт-Петербурга;{+7(812)7037301};NULL;;
227;Кронштадтский;Здравоохранение;Горячая линия;{+7(812)6778717};NULL;;
228;Кронштадтский;Здравоохранение;Справка о наличии лекарств в городе;{+7(812)6355566};NULL;;
229;Кронштадтский;Здравоохранение;Дежурная аптека;{+7(812)3145401};NULL;;
230;Кронштадтский;Здравоохранение;Горячая линия Комитета по здравоохранению;{+7(812)6355577};NULL;;
231;Кронштадтский;Здравоохранение;Телефон претензий по работе городской скорой помощи;{+7(812)5714504};NULL;;
232;Кронштадтский;Образование;Горячая линия Комитета по образованию;{+7(812)5762019};NULL;;
233;Кронштадтский;Социальная защита населения;Информационно-справочная телефонная служба социальной защиты населения;{+7(812)3344144};NULL;;
234;Кронштадтский;Социальная защита населения;Отдел социальной защиты населения Кронштадтского района;{+7(812)5769080};NULL;;
235;Кронштадтский;Социальная защита населения;Горячая линия отделения Пенсионного фонда;{+7(812)2928592};NULL;;
236;Кронштадтский;Права потребителя;Территориальный отдел управления Роспотребнадзора в Петроградском, Приморском, Курортном и Кронштадтском районах;{+7(812)2328081};NULL;;
237;Кронштадтский;Права потребителя;Городской отдел защиты прав потребителей;{+7(812)5758188,+7(812)5758110};NULL;;
238;Курортный;Аварийно-диспетчерские службы;Дежурный помощник главы администрации;{+7(812)4371002};NULL;;
239;Курортный;Аварийно-диспетчерские службы;Повреждения водопроводной уличной сети (холодная вода);{+7(812)3050909};NULL;;
240;Курортный;Аварийно-диспетчерские службы;Повреждения водопроводной уличной сети (горячая вода);{+7(812)3151313};NULL;;
241;Курортный;Аварийно-диспетчерские службы;Горячая линия ГУП «Водоканал Санкт-Петербурга»;{+7(812)3050909};NULL;;
242;Курортный;Аварийно-диспетчерские службы;Горячая линия ГРО «ПетербургГаз» (с мобильного телефона);{104};NULL;;
243;Курортный;Аварийно-диспетчерские службы;Горячая линия ООО «Петербургтеплоэнерго» (круглосуточно);{+7(812)3345060};NULL;;
244;Курортный;Аварийно-диспетчерские службы;Горячая линия ООО «Петербургтеплоэнерго». Оперативно-режимный участок теплоснабжения по Курортному району;{+7(812)4340016};NULL;;
245;Курортный;Аварийно-диспетчерские службы;Работа общественного транспорта;{+7(812)5765555};NULL;;
246;Курортный;Аварийно-диспетчерские службы;Центр по приёму обращений граждан по всем вопросам, связанным с качеством оказываемых услуг ЖКХ;{004};NULL;;
247;Курортный;Правоохранительные органы;Телефон справочной ГУ МВД;{+7(812)5732676};NULL;;
248;Курортный;Правоохранительные органы;Телефон доверия для детей и взрослых;{+7(812)7084041};NULL;;
249;Курортный;Правоохранительные органы;Дежурная часть ОМВД России по Курортному району;{+7(812)5731802};NULL;;
250;Курортный;Правоохранительные органы;Дежурная часть УГИБДД ГУ МВД России по СПб и ЛО;{+7(812)2349021};NULL;;
251;Курортный;Судебные органы;Санкт-Петербургский городской суд;{+7(812)4595966};NULL;;
252;Курортный;Судебные органы;Прокуратура Курортного района;{+7(812)4371106};NULL;;
253;Курортный;Здравоохранение;Территориальный фонд ОМС Санкт-Петербурга;{+7(812)7037301};NULL;;
254;Курортный;Здравоохранение;Санкт-Петербургский региональный отдел ФСС;{+7(812)6778717};NULL;;
255;Курортный;Здравоохранение;Справочная Комитета по здравоохранению о наличии лекарств в городе;{+7(812)2461111};NULL;;
256;Курортный;Здравоохранение;Круглосуточная аптека района;{+7(812)4341793};NULL;;
257;Курортный;Здравоохранение;Горячая линия Комитета по здравоохранению;{+7(812)6355577};NULL;;
258;Курортный;Здравоохранение;Телефон претензий по работе городской скорой помощи;{+7(812)5714504};NULL;;
259;Курортный;Образование;Горячая линия Комитета по образованию;{+7(812)5762019};NULL;;
260;Курортный;Социальная защита населения;Информационно-справочная служба социальной защиты населения;{+7(812)3344144};NULL;;
261;Курортный;Социальная защита населения;Отдел социальной защиты населения Курортного района;{+7(812)5768158};NULL;;
262;Курортный;Социальная защита населения;Отделение Фонда пенсионного и социального страхования по СПб и ЛО;{+7(800)1000001};NULL;;
263;Курортный;Права потребителя;Горячая линия по защите прав потребителей Санкт-Петербурга;{+7(812)7640244};NULL;;
264;Курортный;Права потребителя;Консультационный центр по защите прав потребителей;{+7(812)5716200};NULL;;
265;Московский;Аварийно-диспетчерские службы;Дежурный помощник главы администрации;{+7(812)3883655};NULL;;
266;Московский;Аварийно-диспетчерские службы;Горячая линия ГУП «Водоканал Санкт-Петербурга»;{+7(812)3050909};NULL;;
267;Московский;Аварийно-диспетчерские службы;Горячая линия ГРО «ПетербургГаз»;{04};NULL;;
268;Московский;Аварийно-диспетчерские службы;Горячая линия ГРО «ПетербургГаз» (для мобильных телефонов);{104};NULL;;
269;Московский;Аварийно-диспетчерские службы;Информационный центр ГУП «ТЭК СПб»;{+7(812)4948616};NULL;;
270;Московский;Аварийно-диспетчерские службы;Работа общественного транспорта;{+7(812)5765555};NULL;;
271;Московский;Аварийно-диспетчерские службы;Центр по приёму обращений граждан по всем вопросам, связанным с качеством оказываемых услуг ЖКХ;{004};NULL;;
272;Московский;Правоохранительные органы;Дежурная часть ГУ МВД;{+7(812)5732195,+7(812)5732420};NULL;;
273;Московский;Правоохранительные органы;Дежурная часть УМВД России по Московскому району;{+7(812)5734650};NULL;;
274;Московский;Правоохранительные органы;Дежурная часть ГИБДД ГУ МВД;{+7(812)2342646};NULL;;
275;Московский;Правоохранительные органы;ОГИБДД УМВД России по Московскому району;{+7(812)5732388,+7(812)5734871,+7(812)5734875};NULL;;
276;Московский;Судебные органы;Санкт-Петербургский городской суд;{+7(812)4595966};NULL;;
277;Московский;Судебные органы;Прокуратура Московского района;{+7(812)3880376};NULL;;
278;Московский;Здравоохранение;Территориальный фонд ОМС Санкт-Петербурга;{+7(812)7037301};NULL;;
279;Московский;Здравоохранение;Горячая линия Комитета по здравоохранению;{+7(812)6355577};NULL;;
280;Московский;Здравоохранение;Телефон претензий по работе городской скорой помощи;{+7(812)5714504};NULL;;
281;Московский;Образование;Горячая линия Комитета по образованию;{+7(812)5762019};NULL;;
282;Московский;Социальная защита населения;Информационно-справочная телефонная служба социальной защиты населения;{+7(812)3344144};NULL;;
283;Московский;Социальная защита населения;Отдел социальной защиты населения Московского района;{+7(812)5768908,+7(812)5768911};NULL;;
284;Московский;Социальная защита населения;Горячая линия отделения Пенсионного фонда;{+7(812)7772548,+7(812)7772550};NULL;;
285;Московский;Права потребителя;Территориальный отдел управления Роспотребнадзора в Московском, Фрунзенском, Пушкинском, Колпинском районах;{+7(812)7277220};NULL;;
286;Московский;Права потребителя;Территориальный отдел защиты прав потребителей;{+7(812)2335545};NULL;;
287;Московский;Права потребителя;Справочно-информационная служба правительства СПб;{+7(812)5764111};NULL;;
288;Невский;Аварийно-диспетчерские службы;Дежурный помощник главы администрации Невского района;{+7(812)4173922};NULL;;
289;Невский;Аварийно-диспетчерские службы;Горячая линия ГУП «Водоканал Санкт-Петербурга»;{+7(812)3050909};NULL;;
290;Невский;Аварийно-диспетчерские службы;Горячая линия ГРО «ПетербургГаз»;{04};NULL;;
291;Невский;Аварийно-диспетчерские службы;Горячая линия ГРО «ПетербургГаз» (с мобильного телефона);{104};NULL;;
292;Невский;Аварийно-диспетчерские службы;Консультационный центр (горячая линия) ГУП «ТЭК СПб»;{+7(812)6019393};NULL;;
293;Невский;Аварийно-диспетчерские службы;Работа общественного транспорта;{+7(812)5765555};NULL;;
294;Невский;Аварийно-диспетчерские службы;Центр по приёму обращений граждан по всем вопросам, связанным с качеством оказываемых услуг ЖКХ;{082};NULL;;
295;Невский;Правоохранительные органы;Телефон справочной ГУ МВД;{+7(812)5732676};NULL;;
296;Невский;Правоохранительные органы;Дежурная часть УМВД Невского района;{+7(812)5735715,+7(812)5735702};NULL;;
297;Невский;Правоохранительные органы;Дежурная часть ГИБДД;{+7(812)5732764};NULL;;
298;Невский;Судебные органы;Санкт-Петербургский городской суд;{+7(812)4595966};NULL;;
299;Невский;Судебные органы;Прокуратура Невского района;{+7(812)4476079};NULL;;
300;Невский;Здравоохранение;Территориальный фонд ОМС Санкт-Петербурга;{+7(812)7037301};NULL;;
301;Невский;Здравоохранение;Справка о наличии лекарств в городе;{+7(812)2461111};NULL;;
302;Невский;Здравоохранение;Горячая линия Комитета по здравоохранению;{+7(812)6355577};NULL;;
303;Невский;Образование;Горячая линия Комитета по образованию;{+7(812)2465548};NULL;;
304;Невский;Социальная защита населения;Информационно-справочная телефонная служба социальной защиты населения;{+7(812)3344144};NULL;;
305;Невский;Социальная защита населения;Отдел социальной защиты населения администрации Невского района;{+7(812)5769855};NULL;;
306;Невский;Социальная защита населения;Социальный фонд (единый контакт-центр взаимодействия с гражданами);{+7(800)1000001};NULL;;
307;Невский;Права потребителя;Управление Роспотребнадзора по городу Санкт-Петербургу;{+7(812)7644238};NULL;;
308;Невский;Права потребителя;Территориальный отдел управления Роспотребнадзора в Невском и Красногвардейском районах;{+7(812)4125612};NULL;;
309;Невский;Права потребителя;Единый консультационный центр управления Роспотребнадзора по городу Санкт-Петербургу;{+7(800)5554943};NULL;;
310;Петроградский;Аварийно-диспетчерские службы;Единая диспетчерская служба Петроградского района;{+7(812)2412222};NULL;;
311;Петроградский;Аварийно-диспетчерские службы;Дежурный помощник главы администрации;{+7(812)2326562};NULL;;
312;Петроградский;Аварийно-диспетчерские службы;Горячая линия ГУП «Водоканал Санкт-Петербурга»;{+7(812)3050909};NULL;;
313;Петроградский;Аварийно-диспетчерские службы;Горячая линия ГРО «ПетербургГаз»;{+7(812)6100404,04};NULL;;
314;Петроградский;Аварийно-диспетчерские службы;Горячая линия ГРО «ПетербургГаз» (с мобильного телефона);{104};NULL;;
315;Петроградский;Аварийно-диспетчерские службы;Информационный центр ООО «Петербургтеплоэнерго»;{+7(812)2330008};NULL;;
316;Петроградский;Аварийно-диспетчерские службы;Уличное освещение СПб ГУП «Ленсвет»;{+7(812)3129594};NULL;;
317;Петроградский;Аварийно-диспетчерские службы;Работа общественного транспорта;{+7(812)5765555};NULL;;
318;Петроградский;Аварийно-диспетчерские службы;Центр по приёму обращений граждан по всем вопросам, связанным с качеством оказываемых услуг ЖКХ;{004};NULL;;
319;Петроградский;Правоохранительные органы;Телефон справочной службы ГУ МВД;{+7(812)5732676};NULL;;
320;Петроградский;Правоохранительные органы;Дежурная часть УМВД России по Петроградскому району;{+7(812)5734420,+7(812)2330202};NULL;;
321;Петроградский;Правоохранительные органы;Дежурная часть ОГИБДД УМВД России по Петроградскому району;{+7(812)5734635};NULL;;
322;Петроградский;Судебные органы;Санкт-Петербургский городской суд;{+7(812)4595966};NULL;;
323;Петроградский;Судебные органы;Прокуратура Петроградского района;{+7(812)2327293};NULL;;
324;Петроградский;Здравоохранение;Территориальный фонд ОМС Санкт-Петербурга;{+7(812)7037301};NULL;;
325;Петроградский;Здравоохранение;Контакт-центр в сфере ОМС СПб;{+7(812)7037301,+7(804)7009103};NULL;;
326;Петроградский;Здравоохранение;Справка о наличии лекарств в городе;{+7(812)6355566};NULL;;
327;Петроградский;Здравоохранение;Горячая линия Комитета по здравоохранению;{+7(812)6355577};NULL;;
328;Петроградский;Здравоохранение;Телефон претензий по работе городской скорой помощи;{+7(812)5714504};NULL;;
329;Петроградский;Образование;Горячая линия по вопросам дошкольного образования Петроградского района;{+7(931)3266869};NULL;;
330;Петроградский;Образование;Горячая линия по вопросам общего образования Петроградского района;{+7(931)3269231};NULL;;
331;Петроградский;Образование;Горячая линия по государственной итоговой аттестации Петроградского района;{+7(931)3269120};NULL;;
332;Петроградский;Образование;Горячая линия «Питание школьников Петроградского района»;{+7(931)3266825};NULL;;
333;Петроградский;Образование;Горячая линия по вопросам отдыха и оздоровления детей Петроградского района;{+7(931)3261738};NULL;;
334;Петроградский;Образование;Горячая линия по вопросам приёма в школы Петроградского района;{+7(931)3262641};NULL;;
335;Петроградский;Социальная защита населения;Информационно-справочная телефонная служба социальной защиты населения;{+7(812)3344144};NULL;;
336;Петроградский;Социальная защита населения;Отдел социальной защиты населения Петроградского района;{+7(812)5765157};NULL;;
337;Петроградский;Социальная защита населения;Социальный фонд России;{+7(812)6778717};NULL;;
338;Петроградский;Права потребителя;Единый консультационный центр Роспотребнадзора;{+7(800)5554943};NULL;;
339;Петроградский;Права потребителя;Консультационный центр по защите прав потребителей;{+7(812)6796707,+7(812)5716200};NULL;;
341;Петродворцовый;Аварийно-диспетчерские службы;Дежурный помощник главы администрации;{+7(812)4506626};NULL;;
342;Петродворцовый;Аварийно-диспетчерские службы;Горячая линия ГУП «Водоканал Санкт-Петербурга»;{+7(812)3050909};NULL;;
343;Петродворцовый;Аварийно-диспетчерские службы;Информационный центр ООО «Петербургтеплоэнерго»;{+7(812)4505253};NULL;;
344;Петродворцовый;Аварийно-диспетчерские службы;Работа общественного транспорта;{+7(812)5765555};NULL;;
345;Петродворцовый;Аварийно-диспетчерские службы;Центр по приёму обращений граждан по всем вопросам, связанным с качеством оказываемых услуг ЖКХ;{004};NULL;;
346;Петродворцовый;Аварийно-диспетчерские службы;ООО «Жилкомсервис» г. Петродворца;{+7(812)4506816};NULL;;
347;Петродворцовый;Аварийно-диспетчерские службы;ООО «Жилкомсервис» г. Ломоносова;{+7(812)4223324,+7(812)4227642};NULL;;
348;Петродворцовый;Правоохранительные органы;Телефон справочной ГУ МВД;{+7(812)5732676};NULL;;
349;Петродворцовый;Правоохранительные органы;Дежурная часть ОМВД России по Петродворцовому району;{+7(812)5735250};NULL;;
350;Петродворцовый;Правоохранительные органы;Дежурная часть ГИБДД;{+7(812)2349021};NULL;;
351;Петродворцовый;Судебные органы;Санкт-Петербургский городской суд;{+7(812)4595966};NULL;;
352;Петродворцовый;Судебные органы;Петродворцовый суд;{+7(812)4206419};NULL;;
353;Петродворцовый;Судебные органы;Прокуратура Петродворцового района;{+7(812)4227873};NULL;;
354;Петродворцовый;Здравоохранение;Территориальный фонд ОМС Санкт-Петербурга;{+7(812)7037301};NULL;;
355;Петродворцовый;Здравоохранение;Справка о наличии лекарств в городе;{+7(812)6355566};NULL;;
356;Петродворцовый;Здравоохранение;Горячая линия Комитета по здравоохранению;{+7(812)6355577};NULL;;
357;Петродворцовый;Образование;Горячая линия Комитета по образованию;{+7(812)5762019};NULL;;
358;Петродворцовый;Социальная защита населения;Центр организации социального обслуживания населения;{+7(812)5760578,+7(812)5760576};NULL;;
359;Петродворцовый;Социальная защита населения;Отдел социальной защиты населения Петродворцового района;{+7(812)5761709};NULL;;
360;Петродворцовый;Социальная защита населения;Горячая линия отделения Пенсионного фонда;{+7(812)2928592};NULL;;
361;Петродворцовый;Права потребителя;Юго-западный территориальный отдел управления Роспотребнадзора по городу Санкт-Петербургу (Московский, Фрунзенский, Пушкинский, Колпинский, Кировский, Красносельский, Петродворцовый районы);{+7(812)7277220};NULL;;
362;Петродворцовый;Права потребителя;Единый консультационный центр Роспотребнадзора;{+7(800)5554943};NULL;;
363;Петродворцовый;Права потребителя;Городской отдел защиты прав потребителей;{+7(812)5758110,+7(812)5758188};NULL;;
364;Петродворцовый;Права потребителя;Управление отдела надзора за продукцией в обороте;{+7(812)7645587,+7(812)5758359};NULL;;
365;Петродворцовый;Права потребителя;Центр отдела гигиены питания;{+7(812)5717645};NULL;;
366;Приморский;Аварийно-диспетчерские службы;Дежурная служба администрации;{+7(812)4304248};NULL;;
367;Приморский;Аварийно-диспетчерские службы;Повреждения водопроводной уличной сети (холодная вода);{+7(812)3050909};NULL;;
368;Приморский;Аварийно-диспетчерские службы;Повреждения водопроводной уличной сети (горячая вода);{+7(812)6019393};NULL;;
369;Приморский;Аварийно-диспетчерские службы;Горячая линия ГУП «Водоканал Санкт-Петербурга»;{+7(812)3050909};NULL;;
370;Приморский;Аварийно-диспетчерские службы;Горячая линия ГРО «ПетербургГаз» (со стационарного телефона);{04};NULL;;
371;Приморский;Аварийно-диспетчерские службы;Горячая линия ГРО «ПетербургГаз» (с мобильного телефона);{104};NULL;;
372;Приморский;Аварийно-диспетчерские службы;Диспетчерский центр ГУП «Ленсвет»;{+7(812)3129594};NULL;;
373;Приморский;Аварийно-диспетчерские службы;Информационный центр ГУП «ТЭК СПб»;{+7(812)6019393};NULL;;
374;Приморский;Аварийно-диспетчерские службы;Горячая линия ПАО «РоссетиЛенЭнерго»;{+7(800)2200220};NULL;;
375;Приморский;Аварийно-диспетчерские службы;Работа общественного транспорта;{+7(812)5765555};NULL;;
376;Приморский;Аварийно-диспетчерские службы;Центр по приёму обращений граждан по всем вопросам, связанным с качеством оказываемых услуг ЖКХ;{004};NULL;;
377;Приморский;Правоохранительные органы;Телефон справочной ГУ МВД;{+7(812)5732676};NULL;;
378;Приморский;Правоохранительные органы;Дежурная часть УМВД России по Приморскому району;{+7(812)5735902};NULL;;
379;Приморский;Правоохранительные органы;Информационно-справочный телефон УГИБДД по Санкт-Петербургу и Ленинградской области;{+7(812)5732764};NULL;;
380;Приморский;Судебные органы;Приморский районный суд;{+7(812)4309377,+7(812)4309388};NULL;;
381;Приморский;Судебные органы;Прокуратура Приморского района;{+7(812)4398532};NULL;;
382;Приморский;Здравоохранение;Территориальный фонд ОМС Санкт-Петербурга;{+7(812)7037301};NULL;;
383;Приморский;Здравоохранение;Горячая линия Санкт-Петербургского регионального отделения Фонда социального страхования РФ;{+7(812)6778717};NULL;;
384;Приморский;Здравоохранение;Справочная служба о наличии лекарств в городе;{+7(812)2461111};NULL;;
385;Приморский;Здравоохранение;Горячая линия Комитета по здравоохранению;{+7(812)6355577};NULL;;
386;Приморский;Здравоохранение;Телефон претензий по работе городской скорой помощи;{+7(812)5714504};NULL;;
387;Приморский;Образование;Горячая линия Комитета по образованию;{+7(812)2465548};NULL;;
388;Приморский;Социальная защита населения;Информационно-справочная телефонная служба социальной защиты населения;{+7(812)3344144};NULL;;
389;Приморский;Социальная защита населения;Отдел социальной защиты населения Приморского района;{+7(812)2460193,+7(812)2460192,+7(812)2460191,+7(812)2460268};NULL;;
390;Приморский;Социальная защита населения;Пенсионный фонд;{+7(800)6000000};NULL;;
391;Приморский;Права потребителя;Территориальный отдел управления Роспотребнадзора в Петроградском, Приморском, Курортном и Кронштадтском районах;{+7(812)2328081};NULL;;
392;Приморский;Права потребителя;Единый консультационный центр Роспотребнадзора;{+7(800)5554943};NULL;;
393;Пушкинский;Аварийно-диспетчерские службы;Дежурный помощник главы администрации;{+7(812)4174452};NULL;;
394;Пушкинский;Аварийно-диспетчерские службы;Повреждения водопроводной уличной сети (холодная вода);{+7(812)3050909};NULL;;
395;Пушкинский;Аварийно-диспетчерские службы;Повреждения водопроводной уличной сети (горячая вода);{+7(812)4664800,+7(812)3151313};NULL;;
396;Пушкинский;Аварийно-диспетчерские службы;Горячая линия ГУП «Водоканал Санкт-Петербурга»;{+7(812)3050909};NULL;;
397;Пушкинский;Аварийно-диспетчерские службы;Горячая линия ГРО «ПетербургГаз»;{+7(812)6140404};NULL;;
398;Пушкинский;Аварийно-диспетчерские службы;Горячая линия информационного центра ГУП «ТЭК СПб»;{+7(812)6019393};NULL;;
399;Пушкинский;Аварийно-диспетчерские службы;Работа общественного транспорта;{+7(812)5765555};NULL;;
400;Пушкинский;Аварийно-диспетчерские службы;Центр по приёму обращений граждан по всем вопросам, связанным с качеством оказываемых услуг ЖКХ;{004};NULL;;
401;Пушкинский;Аварийно-диспетчерские службы;Уборка внутриквартальных территорий (ГКУ «Жилищное агентство Пушкинского района»);{+7(812)2413980};NULL;;
402;Пушкинский;Правоохранительные органы;Телефон справочной ГУ МВД;{+7(812)5732676};NULL;;
403;Пушкинский;Правоохранительные органы;Телефон доверия ГУ МВД;{+7(812)5732181};NULL;;
404;Пушкинский;Правоохранительные органы;Дежурная часть ОМВД России по Пушкинскому району;{+7(812)5731890,+7(812)4700202};NULL;;
405;Пушкинский;Правоохранительные органы;Дежурная часть ОГИБДД ОМВД России по Пушкинскому району Санкт-Петербурга;{+7(812)4664872};NULL;;
406;Пушкинский;Правоохранительные органы;Управление ФСБ РФ по Санкт-Петербургу и Ленинградской области (отдел по Московскому, Пушкинскому и Колпинскому районам);{+7(812)3739073};NULL;;
407;Пушкинский;Судебные органы;Пушкинский районный суд города Санкт-Петербурга;{+7(812)4516367};NULL;;
408;Пушкинский;Судебные органы;Прокуратура Пушкинского района;{+7(812)4768569};NULL;;
409;Пушкинский;Здравоохранение;Территориальный фонд ОМС Санкт-Петербурга;{+7(812)7037310};NULL;;
410;Пушкинский;Здравоохранение;Справка о наличии лекарств в городе;{+7(812)6355566};NULL;;
411;Пушкинский;Здравоохранение;Горячая линия Комитета по здравоохранению (для взрослых);{+7(812)6355577};NULL;;
412;Пушкинский;Здравоохранение;Горячая линия Комитета по здравоохранению (для детей);{+7(812)6707801};NULL;;
413;Пушкинский;Здравоохранение;Единый номер виртуального контактного центра Пушкинского района;{+7(812)2469916};NULL;;
414;Пушкинский;Здравоохранение;Едина городская справочная служба;{122};NULL;;
415;Пушкинский;Здравоохранение;Городская справочная служба «Здоровье города» (многоканальный);{+7(812)6355563};NULL;;
416;Пушкинский;Здравоохранение;Телефон претензий по работе городской скорой помощи;{+7(812)5714504};NULL;;
417;Пушкинский;Образование;Горячая линия Комитета по образованию;{+7(812)2465548};NULL;;
418;Пушкинский;Социальная защита населения;Информационно-справочная телефонная служба системы социальной защиты населения;{+7(812)3344144};NULL;;
419;Пушкинский;Социальная защита населения;Отдел социальной защиты населения администрации Пушкинского района;{+7(812)2414328};NULL;;
420;Пушкинский;Социальная защита населения;Региональный контакт-центр Социального фонда России;{+7(800)1000001};NULL;;
421;Пушкинский;Социальная защита населения;Справочная Социального фонда России (региональное отделение);{+7(812)6778717};NULL;;
422;Пушкинский;Права потребителя;Юго-западный территориальный отдел управления Роспотребнадзора в Московском, Фрунзенском, Пушкинском, Колпинском, Кировском, Красносельском, Петродворцовом районах;{+7(812)7277220};NULL;;
423;Фрунзенский;Аварийно-диспетчерские службы;Дежурный помощник главы администрации;{+7(812)7096170};NULL;;
424;Фрунзенский;Аварийно-диспетчерские службы;Повреждения водопроводной уличной сети (холодная вода);{+7(812)3050909};NULL;;
425;Фрунзенский;Аварийно-диспетчерские службы;Повреждения водопроводной уличной сети (горячая вода);{+7(812)3151313};NULL;;
426;Фрунзенский;Аварийно-диспетчерские службы;Горячая линия ГУП «Водоканал Санкт-Петербурга»;{+7(812)3050909};NULL;;
427;Фрунзенский;Аварийно-диспетчерские службы;Горячая линия ГРО «ПетербургГаз»;{+7(812)6100404};NULL;;
428;Фрунзенский;Аварийно-диспетчерские службы;Горячая линия ГУП «ТЭК СПб»;{+7(812)6019393};NULL;;
429;Фрунзенский;Аварийно-диспетчерские службы;Работа общественного транспорта;{+7(812)5765555};NULL;;
430;Фрунзенский;Аварийно-диспетчерские службы;Центр по приёму обращений граждан по всем вопросам, связанным с качеством оказываемых услуг ЖКХ;{004};NULL;;
431;Фрунзенский;Правоохранительные органы;Телефон справочной ГУ МВД;{+7(812)5732676};NULL;;
432;Фрунзенский;Правоохранительные органы;Дежурная часть УМВД России по Фрунзенскому району;{+7(812)7660202};NULL;;
433;Фрунзенский;Правоохранительные органы;Дежурная часть ГИБДД;{+7(812)2349021,+7(812)5736379};NULL;;
434;Фрунзенский;Судебные органы;Санкт-Петербургский городской суд;{+7(812)4595966};NULL;;
435;Фрунзенский;Судебные органы;Прокуратура Фрунзенского района;{+7(812)7088130};NULL;;
436;Фрунзенский;Здравоохранение;Территориальный фонд ОМС Санкт-Петербурга;{+7(812)7037301};NULL;;
437;Фрунзенский;Здравоохранение;Контакт-центр;{+7(800)7008603};NULL;;
438;Фрунзенский;Здравоохранение;Справка о наличии лекарств в городе;{+7(812)6355566};NULL;;
439;Фрунзенский;Здравоохранение;Дежурная аптека;{+7(812)3145401};NULL;;
440;Фрунзенский;Здравоохранение;Горячая линия Комитета по здравоохранению;{+7(812)6355577};NULL;;
441;Фрунзенский;Здравоохранение;Телефон претензий по работе городской скорой помощи;{+7(812)5714504};NULL;;
442;Фрунзенский;Образование;Горячая линия Комитета по образованию;{+7(812)5762019};NULL;;
443;Фрунзенский;Социальная защита населения;Информационно-справочная телефонная служба социальной защиты населения;{+7(812)3344144};NULL;;
444;Фрунзенский;Социальная защита населения;Отдел социальной защиты населения Фрунзенского района;{+7(812)4172801};NULL;;
445;Фрунзенский;Социальная защита населения;Пенсионный фонд во Фрунзенском районе;{+7(812)4900777};NULL;;
446;Фрунзенский;Права потребителя;Территориальный отдел управления Роспотребнадзора в Московском, Фрунзенском, Пушкинском, Колпинском районах;{+7(812)7277220};NULL;;
447;Фрунзенский;Права потребителя;Городской отдел защиты прав потребителей;{+7(812)5758110};NULL;;
448;Центральный;Аварийно-диспетчерские службы;Дежурный помощник главы администрации;{+7(812)2742310};NULL;;
449;Центральный;Аварийно-диспетчерские службы;Повреждения водопроводной уличной сети (холодная вода);{+7(812)3050909};NULL;;
450;Центральный;Аварийно-диспетчерские службы;Горячая линия ГУП «Водоканал Санкт-Петербурга»;{+7(812)3050909};NULL;;
451;Центральный;Аварийно-диспетчерские службы;Горячая линия ГРО «ПетербургГаз»;{+7(812)6100404,04};NULL;;
452;Центральный;Аварийно-диспетчерские службы;Диспетчерская служба АО «Теплосеть СПб»;{+7(812)9018191};NULL;;
453;Центральный;Аварийно-диспетчерские службы;Работа общественного транспорта;{+7(812)5765555};NULL;;
454;Центральный;Аварийно-диспетчерские службы;Центр по приёму обращений граждан по всем вопросам, связанным с качеством оказываемых услуг ЖКХ;{004};NULL;;
455;Центральный;Аварийно-диспетчерские службы;СПб ГКУ «Жилищное агентство Центрального района Санкт-Петербурга» (по вопросам ЖКХ);{+7(812)2721144};NULL;;
456;Центральный;Правоохранительные органы;Телефон справочной ГУ МВД;{+7(812)5732676};NULL;;
457;Центральный;Правоохранительные органы;Телефон доверия ГУ МВД;{+7(812)5732181};NULL;;
458;Центральный;Правоохранительные органы;Дежурная часть УМВД России по Центральному району;{+7(812)5734880};NULL;;
459;Центральный;Правоохранительные органы;Телефон справочной ГИБДД;{+7(812)5732764};NULL;;
460;Центральный;Правоохранительные органы;Телефон по вопросам ДТП;{+7(812)5732764};NULL;;
461;Центральный;Судебные органы;Санкт-Петербургский городской суд;{+7(812)4595966,+7(812)4595958,+7(812)4595954};NULL;;
462;Центральный;Судебные органы;Прокуратура Санкт-Петербурга;{+7(812)3182612};NULL;;
463;Центральный;Судебные органы;Прокуратура Санкт-Петербурга (дежурный прокурор);{+7(812)3154853};NULL;;
464;Центральный;Здравоохранение;Территориальный фонд ОМС Санкт-Петербурга;{+7(812)7037301};NULL;;
465;Центральный;Здравоохранение;Региональная линия социального страхования граждан г. Санкт-Петербурга и Ленинградской области;{+7(812)6778717};NULL;;
466;Центральный;Здравоохранение;Справка о наличии лекарств в городе;{+7(812)2461111};NULL;;
467;Центральный;Здравоохранение;Горячая линия Комитета по здравоохранению;{+7(812)6355577};NULL;;
468;Центральный;Образование;Горячая линия Комитета по образованию;{+7(812)5762019};NULL;;
469;Центральный;Социальная защита населения;Информационно-справочная телефонная служба Комитета по социальной политике Санкт-Петербурга;{+7(812)3344144};NULL;;
470;Центральный;Социальная защита населения;Отдел социальной защиты населения Центрального района;{+7(812)4174884};NULL;;
471;Центральный;Социальная защита населения;Региональная линия Социального фонда России по Санкт-Петербургу и Ленинградской области;{+7(812)6778717};NULL;;
472;Центральный;Права потребителя;Горячая линия Роспотребнадзора;{+7(800)5554943};NULL;;